Workbook

Sheet 객실배치
B1: 춘계 전국 목회자 친교회 객실 배정
B2: 친교회 | C2: 입실자 | D2: 인원 | E2: 동 | F2: 평 | G2: 호실 | H2: 기간 | I2: 열쇠 반납
B3: 서울친교회 | C3: 이정삼, 김용숙 | D3: 2 | E3: 본관 | F3: 17 | G3: 1206 | H3: 3
B4: 서울친교회 | C4: 김학수, 주견자 | D4: 2 | E4: 본관 | F4: 17 | G4: 1209 | H4: 2
B5: 서울친교회 | C5: 장창호, 정해숙 | D5: 2 | E5: 본관 | F5: 17 | G5: 1215 | H5: 2
B6: 서울친교회 | C6: 최정식, 권미애 | D6: 2 | E6: 본관 | F6: 17 | G6: 1210 | H6: 2
B7: 서울친교회 | C7: 김홍길, 이순자 | D7: 2 | E7: 본관 | F7: 17 | G7: 1201 | H7: 2
B8: 서울친교회 | C8: 이명규, 남선희 | D8: 2 | E8: 본관 | F8: 17 | G8: 1211 | H8: 2
B9: 서울친교회 | C9: 이은철, 임현희 | D9: 2 | E9: 본관 | F9: 17 | G9: 1214 | H9: 2
B10: 서울친교회 | C10: 김경석, 채승희 | D10: 2 | E10: 본관 | F10: 17 | G10: 1218 | H10: 2
B11: 서울친교회 | C11: 라영규, 장윤숙 | D11: 2 | E11: 본관 | F11: 17 | G11: 1202 | H11: 2
B12: 서울친교회 | C12: 김상완, 김성혜 | D12: 2 | E12: 본관 | F12: 17 | G12: 1205 | H12: 1
B13: 서울친교회 | C13: 이승록, 손은미 | D13: 2 | E13: 별관 | F13: 17 | G13: 2101 | H13: 3
B14: 서울친교회 | C14: 심재혁, 엄승희 | D14: 2 | E14: 별관 | F14: 17 | G14: 2102 | H14: 2
... B114: 신학교 | C114: 최하솜, 이옥숙, 이상희 | D114: 3 | E114: 본관 | F114: 25 | G114: 1503 | H114: 2
B115: 공실 | E115: 본관 | F115: 25 | G115: 1609
B116: 공실 | E116: 본관 | F116: 25 | G116: 1608
B117: 공실 | E117: 본관 | F117: 25 | G117: 1603
B118: 공실 | E118: 별관 | F118: 17 | G118: 2605
B119: 공실 | E119: 별관 | F119: 17 | G119: 2601
B120: 공실 | E120: 별관 | F120: 17 | G120: 2602
B121: 공실 | E121: 별관 | F121: 25 | G121: 2504
B122: 공실 | E122: 별관 | F122: 25 | G122: 2503
B123: 공실 | E123: 별관 | F123: 25 | G123: 2508
B124: 공실 | E124: 별관 | F124: 25 | G124: 2607
B125: 공실 | E125: 별관 | F125: 25 | G125: 2604
B126: 공실 | E126: 별관 | F126: 25 | G126: 2603
... B128: 공실 | E128: 별관 | F128: 25 | G128: 2210
E129: 본관 | F129: 25 | G129: 1511

Sheet 통계
B1: 친교회 및 기관별 객실 현황
B3: 친교회 | C3: 전체인원 | D3: 17평 | E3: 25평 | F3: 1박 | G3: 2박 | H3: 3박
B4: 서울친교회 | C4: =SUMIF(객실배치!B:B, 통계!B4, 객실배치!D:D) -> 57 | D4: =COUNTIFS(객실배치!B:B, 통계!B4, 객실배치!F:F, 17) -> 14 | E4: =COUNTIFS(객실배치!B:B, 통계!B4, 객실배치!F:F, 25) -> 6 | F4: =COUNTIFS(객실배치!B:B, 통계!B4, 객실배치!H:H, 1) -> 2 | G4: =COUNTIFS(객실배치!B:B, 통계!B4, 객실배치!H:H, 2) -> 13 | H4: =COUNTIFS(객실배치!B:B, 통계!B4, 객실배치!H:H, 3) -> 5
B5: 경인친교회 | C5: =SUMIF(객실배치!B:B, 통계!B5, 객실배치!D:D) -> 65 | D5: =COUNTIFS(객실배치!B:B, 통계!B5, 객실배치!F:F, 17) -> 13 | E5: =COUNTIFS(객실배치!B:B, 통계!B5, 객실배치!F:F, 25) -> 11 | F5: =COUNTIFS(객실배치!B:B, 통계!B5, 객실배치!H:H, 1) -> 0 | G5: =COUNTIFS(객실배치!B:B, 통계!B5, 객실배치!H:H, 2) -> 21 | H5: =COUNTIFS(객실배치!B:B, 통계!B5, 객실배치!H:H, 3) -> 3
B6: 경원친교회 | C6: =SUMIF(객실배치!B:B, 통계!B6, 객실배치!D:D) -> 62 | D6: =COUNTIFS(객실배치!B:B, 통계!B6, 객실배치!F:F, 17) -> 12 | E6: =COUNTIFS(객실배치!B:B, 통계!B6, 객실배치!F:F, 25) -> 9 | F6: =COUNTIFS(객실배치!B:B, 통계!B6, 객실배치!H:H, 1) -> 1 | G6: =COUNTIFS(객실배치!B:B, 통계!B6, 객실배치!H:H, 2) -> 19 | H6: =COUNTIFS(객실배치!B:B, 통계!B6, 객실배치!H:H, 3) -> 1
B7: 경충친교회 | C7: =SUMIF(객실배치!B:B, 통계!B7, 객실배치!D:D) -> 47 | D7: =COUNTIFS(객실배치!B:B, 통계!B7, 객실배치!F:F, 17) -> 10 | E7: =COUNTIFS(객실배치!B:B, 통계!B7, 객실배치!F:F, 25) -> 6 | F7: =COUNTIFS(객실배치!B:B, 통계!B7, 객실배치!H:H, 1) -> 0 | G7: =COUNTIFS(객실배치!B:B, 통계!B7, 객실배치!H:H, 2) -> 15 | H7: =COUNTIFS(객실배치!B:B, 통계!B7, 객실배치!H:H, 3) -> 1
B8: 중부친교회 | C8: =SUMIF(객실배치!B:B, 통계!B8, 객실배치!D:D) -> 27 | D8: =COUNTIFS(객실배치!B:B, 통계!B8, 객실배치!F:F, 17) -> 5 | E8: =COUNTIFS(객실배치!B:B, 통계!B8, 객실배치!F:F, 25) -> 3 | F8: =COUNTIFS(객실배치!B:B, 통계!B8, 객실배치!H:H, 1) -> 0 | G8: =COUNTIFS(객실배치!B:B, 통계!B8, 객실배치!H:H, 2) -> 8 | H8: =COUNTIFS(객실배치!B:B, 통계!B8, 객실배치!H:H, 3) -> 0
B9: 호남친교회 | C9: =SUMIF(객실배치!B:B, 통계!B9, 객실배치!D:D) -> 14 | D9: =COUNTIFS(객실배치!B:B, 통계!B9, 객실배치!F:F, 17) -> 3 | E9: =COUNTIFS(객실배치!B:B, 통계!B9, 객실배치!F:F, 25) -> 2 | F9: =COUNTIFS(객실배치!B:B, 통계!B9, 객실배치!H:H, 1) -> 0 | G9: =COUNTIFS(객실배치!B:B, 통계!B9, 객실배치!H:H, 2) -> 5 | H9: =COUNTIFS(객실배치!B:B, 통계!B9, 객실배치!H:H, 3) -> 0
B10: 영남친교회 | C10: =SUMIF(객실배치!B:B, 통계!B10, 객실배치!D:D) -> 30 | D10: =COUNTIFS(객실배치!B:B, 통계!B10, 객실배치!F:F, 17) -> 7 | E10: =COUNTIFS(객실배치!B:B, 통계!B10, 객실배치!F:F, 25) -> 4 | F10: =COUNTIFS(객실배치!B:B, 통계!B10, 객실배치!H:H, 1) -> 0 | G10: =COUNTIFS(객실배치!B:B, 통계!B10, 객실배치!H:H, 2) -> 10 | H10: =COUNTIFS(객실배치!B:B, 통계!B10, 객실배치!H:H, 3) -> 1
B11: 신학교 | C11: =SUMIF(객실배치!B:B, 통계!B11, 객실배치!D:D) -> 20 | D11: =COUNTIFS(객실배치!B:B, 통계!B11, 객실배치!F:F, 17) -> 3 | E11: =COUNTIFS(객실배치!B:B, 통계!B11, 객실배치!F:F, 25) -> 4 | F11: =COUNTIFS(객실배치!B:B, 통계!B11, 객실배치!H:H, 1) -> 0 | G11: =COUNTIFS(객실배치!B:B, 통계!B11, 객실배치!H:H, 2) -> 7 | H11: =COUNTIFS(객실배치!B:B, 통계!B11, 객실배치!H:H, 3) -> 0
B12: 합계 | C12: =SUM(C4:C11) -> 322 | D12: =SUM(D4:D11) -> 67 | E12: =SUM(E4:E11) -> 45 | F12: =SUM(F4:F11) -> 3 | G12: =SUM(G4:G11) -> 98 | H12: =SUM(H4:H11) -> 11
B14: 예상비용 | D14: =SUM(D12*70000*2) -> 9380000 | E14: =SUM(E12*90000*2) -> 8100000 | F14: =SUM(H12*70000) -> 770000 | G14: (<- 3박) | H14: =SUM(D14:F14) -> 18250000
B16: 공실 | C16: =SUMIF(객실배치!B:B, 통계!B16, 객실배치!D:D) -> 0 | D16: =COUNTIFS(객실배치!B:B, 통계!B16, 객실배치!F:F, 17) -> 3 | E16: =COUNTIFS(객실배치!B:B, 통계!B16, 객실배치!F:F, 25) -> 11 | F16: =COUNTIFS(객실배치!B:B, 통계!B16, 객실배치!H:H, 1) -> 0 | G16: =COUNTIFS(객실배치!B:B, 통계!B16, 객실배치!H:H, 2) -> 0 | H16: =COUNTIFS(객실배치!B:B, 통계!B16, 객실배치!H:H, 3) -> 0
B18: 식사 인원
C20: 월요일 | E20: 화요일 | G20: 수요일
B21: 아침 | E21: 250 | G21: 250
B22: 점심 | G22: 280
B23: 저녁 | C23: 280 | E23: 280
B24: 소계 | C24: =SUM(C21:C23) -> 280 | E24: =SUM(E21:E23) -> 530 | G24: =SUM(G21:G23) -> 530 | H24: =SUM(C24:G24) -> 1340
B26: 예상비용 | C26: =SUM(H24*11000) -> 14740000
B28: 화요일 중식비 | C28: 3150000
B30: 합계 | C30: =SUM(C26,C28) -> 17890000
B32: 성호 리조트 지불액 | D32: =SUM(H14,C26) -> 32990000
